{"accuracy": [0.4902324378490448, 0.5041625499725342, 0.4830613136291504, 0.5204005837440491, 0.502967357635498, 0.5068001747131348], "loss": [0.7034502029418945, 0.7012596130371094, 0.7037510275840759, 0.6998401880264282, 0.6982063055038452, 0.702014148235321], "val_accuracy": [0.06396307051181793, 0.9360369443893433, 0.9360369443893433, 0.06396307051181793, 0.9360369443893433, 0.9360369443893433], "val_loss": [0.7049017548561096, 0.6863747835159302, 0.6503204703330994, 0.7156168818473816, 0.6718997359275818, 0.6715216636657715]}